<?xml version='1.0' encoding='utf-8'?>
<odoo>
        <record id="module_category_service_categ" model="ir.module.category">
            <field name="name">Services</field>
        </record>
        <record id="group_mc_service_user" model="res.groups">
            <field name="name">Service Technical</field>
            <field name="category_id" ref="module_category_service_categ"/>
        </record>
        <record id="group_mc_service_plan" model="res.groups">
            <field name="name">Service Planner</field>
            <field name="category_id" ref="module_category_service_categ"/>
            <field name="implied_ids" eval="[(4, ref('group_mc_service_user'))]"/>
        </record>
        <record id="group_mc_service_manager" model="res.groups">
            <field name="name">Service Manager</field>
            <field name="category_id" ref="module_category_service_categ"/>
            <field name="implied_ids" eval="[(4, ref('group_mc_service_plan'))]"/>
        </record>
</odoo>